"store_type","total_sales","% of sales","order_count"
"Local",4200344.270000852,65.01947512676367,"78409"
"Super Store",1045045.1899999768,16.176838223199674,"19276"
"Mall Kiosk",705645.8999999989,10.923087036230816,"13142"
"Outlet",508029.4099999868,7.864071005577805,"9207"
"Web Portal",1067.77,0.016528608250506657,"43"
